{"cameraMode":{"drawMode":0,"name":"Shaded","section":"Shading Mode"},"sceneLighting":true,"audioPlay":false,"sceneViewState":{"m_AlwaysRefresh":false,"showFog":true,"showSkybox":true,"showFlares":true,"showImageEffects":true,"showParticleSystems":true,"showVisualEffectGraphs":true,"m_FxEnabled":true},"in2DMode":false,"pivot":{"x":271.86846923828127,"y":224.90052795410157,"z":-12.320088386535645},"rotation":{"x":-0.006811006460338831,"y":-0.02372821606695652,"z":0.00012593955034390092,"w":-0.9998481869697571},"size":359.3498229980469,"orthographic":false}